timestamp,time,actionEye,actionUperFace,powerUpperFace,actionLowerFace,powerLowerFace
1739917862,31:02.0,neutral,frown,0.95,clench,0.8
1739917862,31:02.0,neutral,frown,0.95,clench,0.8
1739917862,31:02.0,neutral,frown,0.95,clench,0.8
1739917862,31:02.1,neutral,frown,0.95,clench,0.8
1739917862,31:02.1,neutral,frown,0.95,clench,0.8
1739917862,31:02.1,neutral,frown,0.95,clench,0.8
1739917862,31:02.2,neutral,frown,0.95,clench,0.8
1739917862,31:02.2,neutral,frown,0.95,clench,0.8
1739917862,31:02.2,neutral,frown,0.95,clench,0.8
1739917862,31:02.3,neutral,frown,0.95,clench,0.8
1739917862,31:02.3,neutral,frown,0.95,clench,0.8
1739917862,31:02.3,neutral,frown,0.95,clench,0.8
1739917862,31:02.4,neutral,frown,0.95,clench,0.8
1739917862,31:02.4,neutral,frown,0.95,clench,0.8
1739917862,31:02.4,neutral,frown,0.95,clench,0.8
1739917862,31:02.5,neutral,frown,0.95,clench,0.8
1739917862,31:02.5,neutral,frown,0.95,clench,0.8
1739917863,31:02.5,neutral,frown,0.95,clench,0.8
1739917863,31:02.5,neutral,frown,0.95,clench,0.8
1739917863,31:02.6,neutral,frown,0.95,clench,0.8
1739917863,31:02.6,neutral,frown,0.95,clench,0.8
1739917863,31:02.6,neutral,frown,0.95,clench,0.8
1739917863,31:02.7,neutral,frown,0.95,clench,0.8
1739917863,31:02.7,neutral,frown,0.95,clench,0.8
1739917863,31:02.7,neutral,frown,0.95,clench,0.8
1739917863,31:02.8,neutral,frown,0.95,clench,0.8
1739917863,31:02.8,neutral,frown,0.95,clench,0.8
1739917863,31:02.8,neutral,frown,0.95,clench,0.8
1739917863,31:02.9,neutral,frown,0.95,clench,0.8
1739917863,31:02.9,neutral,frown,0.95,clench,0.8
1739917863,31:02.9,neutral,frown,0.95,clench,0.8
1739917863,31:03.0,neutral,frown,0.95,clench,0.8
1739917863,31:03.0,neutral,frown,0.95,clench,0.8
1739917863,31:03.0,neutral,frown,0.95,clench,0.8
1739917863,31:03.0,neutral,frown,0.95,clench,0.8
1739917863,31:03.1,neutral,frown,0.95,clench,0.8
1739917863,31:03.1,neutral,frown,0.95,clench,0.8
1739917863,31:03.1,neutral,frown,0.95,clench,0.8
1739917863,31:03.2,neutral,frown,0.95,clench,0.8
1739917863,31:03.2,neutral,frown,0.95,clench,0.8
1739917863,31:03.2,neutral,frown,0.95,clench,0.8
1739917863,31:03.3,neutral,frown,0.95,clench,0.8
1739917863,31:03.3,neutral,frown,0.95,clench,0.8
1739917863,31:03.3,neutral,frown,0.95,clench,0.8
1739917863,31:03.4,neutral,frown,0.95,clench,0.8
1739917863,31:03.4,neutral,frown,0.95,clench,0.8
1739917863,31:03.4,neutral,frown,0.95,clench,0.8
1739917863,31:03.5,neutral,frown,0.95,clench,0.8
1739917863,31:03.5,neutral,frown,0.95,clench,0.8
1739917864,31:03.5,neutral,frown,0.95,clench,0.8
1739917864,31:03.5,neutral,frown,0.95,clench,0.8
1739917864,31:03.6,neutral,frown,0.95,clench,0.8
1739917864,31:03.6,neutral,frown,0.95,clench,0.8
1739917864,31:03.6,neutral,frown,0.95,clench,0.8
1739917864,31:03.7,neutral,frown,0.95,clench,0.8
1739917864,31:03.7,neutral,frown,0.95,clench,0.8
1739917864,31:03.7,neutral,frown,0.95,clench,0.8
1739917864,31:03.8,neutral,frown,0.95,clench,0.8
1739917864,31:03.8,neutral,frown,0.95,clench,0.8
1739917864,31:03.8,neutral,frown,0.95,clench,0.8
1739917864,31:03.9,neutral,frown,0.95,clench,0.8
1739917864,31:03.9,neutral,frown,0.95,clench,0.8
1739917864,31:03.9,neutral,frown,0.95,clench,0.8
1739917864,31:04.0,neutral,frown,0.95,clench,0.8
1739917864,31:04.0,neutral,frown,0.95,clench,0.8
1739917864,31:04.0,neutral,frown,0.95,clench,0.8
1739917864,31:04.0,neutral,frown,0.95,clench,0.8
1739917864,31:04.1,neutral,frown,0.95,clench,0.8
1739917864,31:04.1,neutral,frown,0.95,clench,0.8
1739917864,31:04.1,neutral,frown,0.95,clench,0.8
1739917864,31:04.2,neutral,frown,0.95,clench,0.8
1739917864,31:04.2,neutral,frown,0.95,clench,0.8
1739917864,31:04.2,neutral,frown,0.95,clench,0.8
1739917864,31:04.3,neutral,frown,0.95,clench,0.8
1739917864,31:04.3,neutral,frown,0.95,clench,0.8
1739917864,31:04.3,neutral,frown,0.95,clench,0.8
1739917864,31:04.4,neutral,frown,0.95,clench,0.8
1739917864,31:04.4,neutral,frown,0.95,clench,0.8
1739917864,31:04.4,neutral,frown,0.95,clench,0.8
1739917864,31:04.5,neutral,frown,0.95,clench,0.8
1739917864,31:04.5,neutral,frown,0.95,clench,0.8
1739917865,31:04.5,neutral,frown,0.95,clench,0.8
1739917865,31:04.5,neutral,frown,0.95,clench,0.8
1739917865,31:04.6,neutral,frown,0.95,clench,0.8
1739917865,31:04.6,neutral,frown,0.95,clench,0.8
1739917865,31:04.6,neutral,frown,0.95,clench,0.8
1739917865,31:04.7,neutral,frown,0.95,clench,0.8
1739917865,31:04.7,neutral,frown,0.95,clench,0.8
1739917865,31:04.7,neutral,frown,0.95,clench,0.8
1739917865,31:04.8,neutral,frown,0.95,clench,0.8
1739917865,31:04.8,neutral,frown,0.95,clench,0.8
1739917865,31:04.8,neutral,frown,0.95,clench,0.8
1739917865,31:04.9,neutral,frown,0.95,clench,0.8
1739917865,31:04.9,neutral,frown,0.95,clench,0.8
1739917865,31:04.9,neutral,frown,0.95,clench,0.8
1739917865,31:05.0,neutral,frown,0.95,clench,0.8
1739917865,31:05.0,neutral,frown,0.95,clench,0.8
1739917865,31:05.0,neutral,frown,0.95,clench,0.8
1739917865,31:05.0,neutral,frown,0.95,clench,0.8
1739917865,31:05.1,neutral,frown,0.95,clench,0.8
1739917865,31:05.1,neutral,frown,0.95,clench,0.8
1739917865,31:05.1,neutral,frown,0.95,clench,0.8
1739917865,31:05.2,neutral,frown,0.95,clench,0.8
1739917865,31:05.2,neutral,frown,0.95,clench,0.8
1739917865,31:05.2,neutral,frown,0.95,clench,0.8
1739917865,31:05.3,neutral,frown,0.95,clench,0.8
1739917865,31:05.3,neutral,frown,0.95,clench,0.8
1739917865,31:05.3,neutral,frown,0.95,clench,0.8
1739917865,31:05.4,neutral,frown,0.95,clench,0.8
1739917865,31:05.4,neutral,frown,0.95,clench,0.8
1739917865,31:05.4,neutral,frown,0.95,clench,0.8
1739917865,31:05.5,neutral,frown,0.95,clench,0.8
1739917865,31:05.5,neutral,frown,0.95,clench,0.8
1739917866,31:05.5,neutral,frown,0.95,clench,0.8
1739917866,31:05.5,neutral,frown,0.95,clench,0.8
1739917866,31:05.6,neutral,frown,0.95,clench,0.8
1739917866,31:05.6,neutral,frown,0.95,clench,0.8
1739917866,31:05.6,neutral,frown,0.95,clench,0.8
1739917866,31:05.7,neutral,frown,0.95,clench,0.8
1739917866,31:05.7,neutral,frown,0.95,clench,0.8
1739917866,31:05.7,neutral,frown,0.95,clench,0.8
1739917866,31:05.8,neutral,frown,0.95,clench,0.8
1739917866,31:05.8,neutral,frown,0.95,clench,0.8
1739917866,31:05.8,neutral,frown,0.95,clench,0.8
1739917866,31:05.9,neutral,frown,0.95,clench,0.8
1739917866,31:05.9,neutral,frown,0.95,clench,0.8
1739917866,31:05.9,neutral,frown,0.95,clench,0.8
1739917866,31:06.0,neutral,frown,0.95,clench,0.8
1739917866,31:06.0,neutral,frown,0.95,clench,0.8
1739917866,31:06.0,neutral,frown,0.95,clench,0.8
1739917866,31:06.0,neutral,frown,0.95,clench,0.8
1739917866,31:06.1,neutral,frown,0.95,clench,0.8
1739917866,31:06.1,neutral,frown,0.95,clench,0.8
1739917866,31:06.1,neutral,frown,0.95,clench,0.8
1739917866,31:06.2,neutral,frown,0.95,clench,0.8
1739917866,31:06.2,neutral,frown,0.95,clench,0.8
1739917866,31:06.2,neutral,frown,0.95,clench,0.8
1739917866,31:06.3,neutral,frown,0.95,clench,0.8
1739917866,31:06.3,neutral,frown,0.95,clench,0.8
1739917866,31:06.3,neutral,frown,0.95,clench,0.8
1739917866,31:06.4,neutral,frown,0.95,clench,0.8
1739917866,31:06.4,neutral,frown,0.95,clench,0.8
1739917866,31:06.4,neutral,frown,0.95,clench,0.8
1739917866,31:06.5,neutral,frown,0.95,clench,0.8
1739917866,31:06.5,neutral,frown,0.95,clench,0.8
1739917867,31:06.5,neutral,frown,0.95,clench,0.8
1739917867,31:06.6,neutral,frown,0.95,clench,0.8
1739917867,31:06.6,neutral,frown,0.95,clench,0.8
1739917867,31:06.6,neutral,frown,0.95,clench,0.8
1739917867,31:06.6,neutral,frown,0.95,clench,0.8
1739917867,31:06.7,neutral,frown,0.95,clench,0.8
1739917867,31:06.7,neutral,frown,0.95,clench,0.8
1739917867,31:06.7,neutral,frown,0.95,clench,0.8
1739917867,31:06.8,neutral,frown,0.95,clench,0.8
1739917867,31:06.8,neutral,frown,0.95,clench,0.8
1739917867,31:06.8,neutral,frown,0.95,clench,0.8
1739917867,31:06.9,neutral,frown,0.95,clench,0.8
1739917867,31:06.9,neutral,frown,0.95,clench,0.8
1739917867,31:06.9,neutral,frown,0.95,clench,0.8
1739917867,31:07.0,neutral,frown,0.95,clench,0.8
1739917867,31:07.0,neutral,frown,0.95,clench,0.8
1739917867,31:07.0,neutral,frown,0.95,clench,0.8
1739917867,31:07.0,neutral,frown,0.95,clench,0.8
1739917867,31:07.1,neutral,frown,0.95,clench,0.8
1739917867,31:07.1,neutral,frown,0.95,clench,0.8
1739917867,31:07.1,neutral,frown,0.95,clench,0.8
1739917867,31:07.2,neutral,frown,0.95,clench,0.8
1739917867,31:07.2,neutral,frown,0.95,clench,0.8
1739917867,31:07.2,neutral,frown,0.95,clench,0.8
1739917867,31:07.3,neutral,frown,0.95,clench,0.8
1739917867,31:07.3,neutral,frown,0.95,clench,0.8
1739917867,31:07.3,neutral,frown,0.95,clench,0.8
1739917867,31:07.4,neutral,frown,0.95,clench,0.8
1739917867,31:07.4,neutral,frown,0.95,clench,0.8
1739917867,31:07.4,neutral,frown,0.95,clench,0.8
1739917867,31:07.5,neutral,frown,0.95,clench,0.8
1739917867,31:07.5,neutral,frown,0.95,clench,0.8
1739917868,31:07.5,neutral,frown,0.95,clench,0.8
1739917868,31:07.5,neutral,frown,0.95,clench,0.8
1739917868,31:07.6,neutral,frown,0.95,clench,0.8
1739917868,31:07.6,neutral,frown,0.95,clench,0.8
1739917868,31:07.6,neutral,frown,0.95,clench,0.8
1739917868,31:07.7,neutral,frown,0.95,clench,0.8
1739917868,31:07.7,neutral,frown,0.95,clench,0.8
1739917868,31:07.7,neutral,frown,0.95,clench,0.8
1739917868,31:07.8,neutral,frown,0.95,clench,0.8
1739917868,31:07.8,neutral,frown,0.95,clench,0.8
1739917868,31:07.8,neutral,frown,0.95,clench,0.8
1739917868,31:07.9,neutral,frown,0.95,clench,0.8
1739917868,31:07.9,neutral,frown,0.95,clench,0.8
1739917868,31:07.9,neutral,frown,0.95,clench,0.8
1739917868,31:08.0,neutral,frown,0.95,clench,0.8
1739917868,31:08.0,neutral,frown,0.95,clench,0.8
1739917868,31:08.0,neutral,frown,0.95,clench,0.8
1739917868,31:08.0,neutral,frown,0.95,clench,0.8
1739917868,31:08.1,neutral,frown,0.95,clench,0.8
1739917868,31:08.1,neutral,frown,0.95,clench,0.8
1739917868,31:08.1,neutral,frown,0.95,clench,0.8
1739917868,31:08.2,neutral,frown,0.95,clench,0.8
1739917868,31:08.2,neutral,frown,0.95,clench,0.8
1739917868,31:08.2,neutral,frown,0.95,clench,0.8
1739917868,31:08.3,neutral,frown,0.95,clench,0.8
1739917868,31:08.3,neutral,frown,0.95,clench,0.8
1739917868,31:08.3,neutral,frown,0.95,clench,0.8
1739917868,31:08.4,neutral,frown,0.95,clench,0.8
1739917868,31:08.4,neutral,frown,0.95,clench,0.8
1739917868,31:08.4,neutral,frown,0.95,clench,0.8
1739917868,31:08.5,neutral,frown,0.95,clench,0.8
1739917868,31:08.5,neutral,frown,0.95,clench,0.8
1739917869,31:08.5,neutral,frown,0.95,clench,0.8
1739917869,31:08.5,neutral,frown,0.95,clench,0.8
1739917869,31:08.6,neutral,frown,0.95,clench,0.8
1739917869,31:08.6,neutral,frown,0.95,clench,0.8
1739917869,31:08.6,neutral,frown,0.95,clench,0.8
1739917869,31:08.7,neutral,frown,0.95,clench,0.8
1739917869,31:08.7,neutral,frown,0.95,clench,0.8
1739917869,31:08.7,neutral,frown,0.95,clench,0.8
1739917869,31:08.8,neutral,frown,0.95,clench,0.8
1739917869,31:08.8,neutral,frown,0.95,clench,0.8
1739917869,31:08.8,neutral,frown,0.95,clench,0.8
1739917869,31:08.9,neutral,frown,0.95,clench,0.8
1739917869,31:08.9,neutral,frown,0.95,clench,0.8
1739917869,31:08.9,neutral,frown,0.95,clench,0.8
1739917869,31:09.0,neutral,frown,0.95,clench,0.8
1739917869,31:09.0,neutral,frown,0.95,clench,0.8
1739917869,31:09.0,neutral,frown,0.95,clench,0.8
1739917869,31:09.0,neutral,frown,0.95,clench,0.8
1739917869,31:09.1,neutral,frown,0.95,clench,0.8
1739917869,31:09.1,neutral,frown,0.95,clench,0.8
1739917869,31:09.1,neutral,frown,0.95,clench,0.8
1739917869,31:09.2,neutral,frown,0.95,clench,0.8
1739917869,31:09.2,neutral,frown,0.95,clench,0.8
1739917869,31:09.2,neutral,frown,0.95,clench,0.8
1739917869,31:09.3,neutral,frown,0.95,clench,0.8
1739917869,31:09.3,neutral,frown,0.95,clench,0.8
1739917869,31:09.3,neutral,frown,0.95,clench,0.8
1739917869,31:09.4,neutral,frown,0.95,clench,0.8
1739917869,31:09.4,neutral,frown,0.95,clench,0.8
1739917869,31:09.4,neutral,frown,0.95,clench,0.8
1739917869,31:09.5,neutral,frown,0.95,clench,0.8
1739917869,31:09.5,neutral,frown,0.95,clench,0.8
1739917870,31:09.5,neutral,frown,0.95,clench,0.8
1739917870,31:09.5,neutral,frown,0.95,clench,0.8
1739917870,31:09.6,neutral,frown,0.95,clench,0.8
1739917870,31:09.6,neutral,frown,0.95,clench,0.8
1739917870,31:09.6,neutral,frown,0.95,clench,0.8
1739917870,31:09.7,neutral,frown,0.95,clench,0.8
1739917870,31:09.7,neutral,frown,0.95,clench,0.8
1739917870,31:09.7,neutral,frown,0.95,clench,0.8
1739917870,31:09.8,neutral,frown,0.95,clench,0.8
1739917870,31:09.8,neutral,frown,0.95,clench,0.8
1739917870,31:09.8,neutral,frown,0.95,clench,0.8
1739917870,31:09.9,neutral,frown,0.95,clench,0.8
1739917870,31:09.9,neutral,frown,0.95,clench,0.8
1739917870,31:09.9,neutral,frown,0.95,clench,0.8
1739917870,31:10.0,neutral,frown,0.95,clench,0.8
1739917870,31:10.0,neutral,frown,0.95,clench,0.8
1739917870,31:10.0,neutral,frown,0.95,clench,0.8
1739917870,31:10.0,neutral,frown,0.95,clench,0.8
1739917870,31:10.1,neutral,frown,0.95,clench,0.8
1739917870,31:10.1,neutral,frown,0.95,clench,0.8
1739917870,31:10.1,neutral,frown,0.95,clench,0.8
1739917870,31:10.2,neutral,frown,0.95,clench,0.8
1739917870,31:10.2,neutral,frown,0.95,clench,0.8
1739917870,31:10.2,neutral,frown,0.95,clench,0.8
1739917870,31:10.3,neutral,frown,0.95,clench,0.8
1739917870,31:10.3,neutral,frown,0.95,clench,0.8
1739917870,31:10.3,neutral,frown,0.95,clench,0.8
1739917870,31:10.4,neutral,frown,0.95,clench,0.8
1739917870,31:10.4,neutral,frown,0.95,clench,0.8
1739917870,31:10.4,neutral,frown,0.95,clench,0.8
1739917870,31:10.5,neutral,frown,0.95,clench,0.8
1739917870,31:10.5,neutral,frown,0.95,clench,0.8
1739917871,31:10.5,neutral,frown,0.95,clench,0.8
1739917871,31:10.5,neutral,frown,0.95,clench,0.8
1739917871,31:10.6,neutral,frown,0.95,clench,0.8
1739917871,31:10.6,neutral,frown,0.95,clench,0.8
1739917871,31:10.6,neutral,frown,0.95,clench,0.8
1739917871,31:10.7,neutral,frown,0.95,clench,0.8
1739917871,31:10.7,neutral,frown,0.95,clench,0.8
1739917871,31:10.7,neutral,frown,0.95,clench,0.8
1739917871,31:10.8,neutral,frown,0.95,clench,0.8
1739917871,31:10.8,neutral,frown,0.95,clench,0.8
1739917871,31:10.8,neutral,frown,0.95,clench,0.8
1739917871,31:10.9,neutral,frown,0.95,clench,0.8
1739917871,31:10.9,neutral,frown,0.95,clench,0.8
1739917871,31:10.9,neutral,frown,0.95,clench,0.8
1739917871,31:11.0,neutral,frown,0.95,clench,0.8
1739917871,31:11.0,neutral,frown,0.95,clench,0.8
1739917871,31:11.0,neutral,frown,0.95,clench,0.8
1739917871,31:11.0,neutral,frown,0.95,clench,0.8
1739917871,31:11.1,neutral,frown,0.95,clench,0.8
1739917871,31:11.1,neutral,frown,0.95,clench,0.8
1739917871,31:11.1,neutral,frown,0.95,clench,0.8
1739917871,31:11.2,neutral,frown,0.95,clench,0.8
1739917871,31:11.2,neutral,frown,0.95,clench,0.8
1739917871,31:11.2,neutral,frown,0.95,clench,0.8
1739917871,31:11.3,neutral,frown,0.95,clench,0.8
1739917871,31:11.3,neutral,frown,0.95,clench,0.8
1739917871,31:11.3,neutral,frown,0.95,clench,0.8
1739917871,31:11.4,neutral,frown,0.95,clench,0.8
1739917871,31:11.4,neutral,frown,0.95,clench,0.8
1739917871,31:11.4,neutral,frown,0.95,clench,0.8
1739917871,31:11.5,neutral,frown,0.95,clench,0.8
1739917871,31:11.5,neutral,frown,0.95,clench,0.8
1739917872,31:11.5,neutral,frown,0.95,clench,0.8
1739917872,31:11.5,neutral,frown,0.95,clench,0.8
1739917872,31:11.6,neutral,frown,0.95,clench,0.8
1739917872,31:11.6,neutral,frown,0.95,clench,0.8
1739917872,31:11.6,neutral,frown,0.95,clench,0.8
1739917872,31:11.7,neutral,frown,0.95,clench,0.8
1739917872,31:11.7,neutral,frown,0.95,clench,0.8
1739917872,31:11.7,neutral,frown,0.95,clench,0.8
1739917872,31:11.8,neutral,frown,0.95,clench,0.8
1739917872,31:11.8,neutral,frown,0.95,clench,0.8
1739917872,31:11.8,neutral,frown,0.95,clench,0.8
1739917872,31:11.9,neutral,frown,0.95,clench,0.8
1739917872,31:11.9,neutral,frown,0.95,clench,0.8
1739917872,31:11.9,neutral,frown,0.95,clench,0.8
1739917872,31:12.0,neutral,frown,0.95,clench,0.8
1739917872,31:12.0,neutral,frown,0.95,clench,0.8
1739917872,31:12.0,neutral,frown,0.95,clench,0.8
1739917872,31:12.0,neutral,frown,0.95,clench,0.8
1739917872,31:12.1,neutral,frown,0.95,clench,0.8
1739917872,31:12.1,neutral,frown,0.95,clench,0.8
1739917872,31:12.1,neutral,frown,0.95,clench,0.8
1739917872,31:12.2,neutral,frown,0.95,clench,0.8
1739917872,31:12.2,neutral,frown,0.95,clench,0.8
1739917872,31:12.2,neutral,frown,0.95,clench,0.8
1739917872,31:12.3,neutral,frown,0.95,clench,0.8
1739917872,31:12.3,neutral,frown,0.95,clench,0.8
1739917872,31:12.3,neutral,frown,0.95,clench,0.8
1739917872,31:12.4,neutral,frown,0.95,clench,0.8
1739917872,31:12.4,neutral,frown,0.95,clench,0.8
1739917872,31:12.4,neutral,frown,0.95,clench,0.8
1739917872,31:12.5,neutral,frown,0.95,clench,0.8
1739917872,31:12.5,neutral,frown,0.95,clench,0.8
1739917873,31:12.5,neutral,frown,0.95,clench,0.8
1739917873,31:12.5,neutral,frown,0.95,clench,0.8
1739917873,31:12.6,neutral,frown,0.95,clench,0.8
1739917873,31:12.6,neutral,frown,0.95,clench,0.8
1739917873,31:12.6,neutral,frown,0.95,clench,0.8
1739917873,31:12.7,neutral,frown,0.95,clench,0.8
1739917873,31:12.7,neutral,frown,0.95,clench,0.8
1739917873,31:12.7,neutral,frown,0.95,clench,0.8
1739917873,31:12.8,neutral,frown,0.95,clench,0.8
1739917873,31:12.8,neutral,frown,0.95,clench,0.8
1739917873,31:12.8,neutral,frown,0.95,clench,0.8
1739917873,31:12.9,neutral,frown,0.95,clench,0.8
1739917873,31:12.9,neutral,frown,0.95,clench,0.8
1739917873,31:12.9,neutral,frown,0.95,clench,0.8
1739917873,31:13.0,neutral,frown,0.95,clench,0.8
1739917873,31:13.0,neutral,frown,0.95,clench,0.8
1739917873,31:13.0,neutral,frown,0.95,clench,0.8
1739917873,31:13.0,neutral,frown,0.95,clench,0.8
1739917873,31:13.1,neutral,frown,0.95,clench,0.8
1739917873,31:13.1,neutral,frown,0.95,clench,0.8
1739917873,31:13.1,neutral,frown,0.95,clench,0.8
1739917873,31:13.2,neutral,frown,0.95,clench,0.8
1739917873,31:13.2,neutral,frown,0.95,clench,0.8
1739917873,31:13.2,neutral,frown,0.95,clench,0.8
1739917873,31:13.3,neutral,frown,0.95,clench,0.8
1739917873,31:13.3,neutral,frown,0.95,clench,0.8
1739917873,31:13.3,neutral,frown,0.95,clench,0.8
1739917873,31:13.4,neutral,frown,0.95,clench,0.8
1739917873,31:13.4,neutral,frown,0.95,clench,0.8
1739917873,31:13.4,neutral,frown,0.95,clench,0.8
1739917873,31:13.5,neutral,frown,0.95,clench,0.8
1739917873,31:13.5,neutral,frown,0.95,clench,0.8
1739917874,31:13.5,neutral,frown,0.95,clench,0.8
1739917874,31:13.5,neutral,frown,0.95,clench,0.8
1739917874,31:13.6,neutral,frown,0.95,clench,0.8
1739917874,31:13.6,neutral,frown,0.95,clench,0.8
1739917874,31:13.6,neutral,frown,0.95,clench,0.8
1739917874,31:13.7,neutral,frown,0.95,clench,0.8
1739917874,31:13.7,neutral,frown,0.95,clench,0.8
1739917874,31:13.7,neutral,frown,0.95,clench,0.8
1739917874,31:13.8,neutral,frown,0.95,clench,0.8
1739917874,31:13.8,neutral,frown,0.95,clench,0.8
1739917874,31:13.8,neutral,frown,0.95,clench,0.8
1739917874,31:13.9,neutral,frown,0.95,clench,0.8
1739917874,31:13.9,neutral,frown,0.95,clench,0.8
1739917874,31:13.9,neutral,frown,0.95,clench,0.8
1739917874,31:14.0,neutral,frown,0.95,clench,0.8
1739917874,31:14.0,neutral,frown,0.95,clench,0.8
1739917874,31:14.0,neutral,frown,0.95,clench,0.8
1739917874,31:14.0,neutral,frown,0.95,clench,0.8
1739917874,31:14.1,neutral,frown,0.95,clench,0.8
1739917874,31:14.1,neutral,frown,0.95,clench,0.8
1739917874,31:14.1,neutral,frown,0.95,clench,0.8
1739917874,31:14.2,neutral,frown,0.95,clench,0.8
1739917874,31:14.2,neutral,frown,0.95,clench,0.8
1739917874,31:14.2,neutral,frown,0.95,clench,0.8
1739917874,31:14.3,neutral,frown,0.95,clench,0.8
1739917874,31:14.3,neutral,frown,0.95,clench,0.8
1739917874,31:14.3,neutral,frown,0.95,clench,0.8
1739917874,31:14.4,neutral,frown,0.95,clench,0.8
1739917874,31:14.4,neutral,frown,0.95,clench,0.8
1739917874,31:14.4,neutral,frown,0.95,clench,0.8
1739917874,31:14.5,neutral,frown,0.95,clench,0.8
1739917874,31:14.5,neutral,frown,0.95,clench,0.8
1739917875,31:14.5,neutral,frown,0.95,clench,0.8
1739917875,31:14.6,neutral,frown,0.95,clench,0.8
1739917875,31:14.6,neutral,frown,0.95,clench,0.8
1739917875,31:14.6,neutral,frown,0.95,clench,0.8
1739917875,31:14.6,neutral,frown,0.95,clench,0.8
1739917875,31:14.7,neutral,frown,0.95,clench,0.8
1739917875,31:14.7,neutral,frown,0.95,clench,0.8
1739917875,31:14.7,neutral,frown,0.95,clench,0.8
1739917875,31:14.8,neutral,frown,0.95,clench,0.8
1739917875,31:14.8,neutral,frown,0.95,clench,0.8
1739917875,31:14.8,neutral,frown,0.95,clench,0.8
1739917875,31:14.9,neutral,frown,0.95,clench,0.8
1739917875,31:14.9,neutral,frown,0.95,clench,0.8
1739917875,31:14.9,neutral,frown,0.95,clench,0.8
1739917875,31:15.0,neutral,frown,0.95,clench,0.8
1739917875,31:15.0,neutral,frown,0.95,clench,0.8
1739917875,31:15.0,neutral,frown,0.95,clench,0.8
1739917875,31:15.0,neutral,frown,0.95,clench,0.8
1739917875,31:15.1,neutral,frown,0.95,clench,0.8
1739917875,31:15.1,neutral,frown,0.95,clench,0.8
1739917875,31:15.1,neutral,frown,0.95,clench,0.8
1739917875,31:15.2,neutral,frown,0.95,clench,0.8
1739917875,31:15.2,neutral,frown,0.95,clench,0.8
1739917875,31:15.2,neutral,frown,0.95,clench,0.8
1739917875,31:15.3,neutral,frown,0.95,clench,0.8
1739917875,31:15.3,neutral,frown,0.95,clench,0.8
1739917875,31:15.3,neutral,frown,0.95,clench,0.8
1739917875,31:15.4,neutral,frown,0.95,clench,0.8
1739917875,31:15.4,neutral,frown,0.95,clench,0.8
1739917875,31:15.4,neutral,frown,0.95,clench,0.8
1739917875,31:15.5,neutral,frown,0.95,clench,0.8
1739917875,31:15.5,neutral,frown,0.95,clench,0.8
1739917876,31:15.5,neutral,frown,0.95,clench,0.8
1739917876,31:15.5,neutral,frown,0.95,clench,0.8
1739917876,31:15.6,neutral,frown,0.95,clench,0.8
1739917876,31:15.6,neutral,frown,0.95,clench,0.8
1739917876,31:15.6,neutral,frown,0.95,clench,0.8
1739917876,31:15.7,neutral,frown,0.95,clench,0.8
1739917876,31:15.7,neutral,frown,0.95,clench,0.8
1739917876,31:15.7,neutral,frown,0.95,clench,0.8
1739917876,31:15.8,neutral,frown,0.95,clench,0.8
1739917876,31:15.8,neutral,frown,0.95,clench,0.8
1739917876,31:15.8,neutral,frown,0.95,clench,0.8
1739917876,31:15.9,neutral,frown,0.95,clench,0.8
1739917876,31:15.9,neutral,frown,0.95,clench,0.8
1739917876,31:15.9,neutral,frown,0.95,clench,0.8
1739917876,31:16.0,neutral,frown,0.95,clench,0.8
1739917876,31:16.0,neutral,frown,0.95,clench,0.8
1739917876,31:16.0,neutral,frown,0.95,clench,0.8
1739917876,31:16.1,neutral,frown,0.95,clench,0.8
1739917876,31:16.1,neutral,frown,0.95,clench,0.8
1739917876,31:16.1,neutral,frown,0.95,clench,0.8
1739917876,31:16.1,neutral,frown,0.95,clench,0.8
1739917876,31:16.2,neutral,frown,0.95,clench,0.8
1739917876,31:16.2,neutral,frown,0.95,clench,0.8
1739917876,31:16.2,neutral,frown,0.95,clench,0.8
1739917876,31:16.3,neutral,frown,0.95,clench,0.8
1739917876,31:16.3,neutral,frown,0.95,clench,0.8
1739917876,31:16.3,neutral,frown,0.95,clench,0.8
1739917876,31:16.4,neutral,frown,0.95,clench,0.8
1739917876,31:16.4,neutral,frown,0.95,clench,0.8
1739917876,31:16.4,neutral,frown,0.95,clench,0.8
1739917876,31:16.5,neutral,frown,0.95,clench,0.8
1739917876,31:16.5,neutral,frown,0.95,clench,0.8
1739917877,31:16.5,neutral,frown,0.95,clench,0.8
1739917877,31:16.5,neutral,frown,0.95,clench,0.8
1739917877,31:16.6,neutral,frown,0.95,clench,0.8
1739917877,31:16.6,neutral,frown,0.95,clench,0.8
1739917877,31:16.6,neutral,frown,0.95,clench,0.8
1739917877,31:16.7,neutral,frown,0.95,clench,0.8
1739917877,31:16.7,neutral,frown,0.95,clench,0.8
1739917877,31:16.7,neutral,frown,0.95,clench,0.8
1739917877,31:16.8,neutral,frown,0.95,clench,0.8
1739917877,31:16.8,neutral,frown,0.95,clench,0.8
1739917877,31:16.8,neutral,frown,0.95,clench,0.8
1739917877,31:16.9,neutral,frown,0.95,clench,0.8
1739917877,31:16.9,neutral,frown,0.95,clench,0.8
1739917877,31:16.9,neutral,frown,0.95,clench,0.8
1739917877,31:17.0,neutral,frown,0.95,clench,0.8
1739917877,31:17.0,neutral,frown,0.95,clench,0.8
1739917877,31:17.0,neutral,frown,0.95,clench,0.8
1739917877,31:17.0,neutral,frown,0.95,clench,0.8
1739917877,31:17.1,neutral,frown,0.95,clench,0.8
1739917877,31:17.1,neutral,frown,0.95,clench,0.8
1739917877,31:17.1,neutral,frown,0.95,clench,0.8
1739917877,31:17.2,neutral,frown,0.95,clench,0.8
1739917877,31:17.2,neutral,frown,0.95,clench,0.8
1739917877,31:17.2,neutral,frown,0.95,clench,0.8
1739917877,31:17.3,neutral,frown,0.95,clench,0.8
1739917877,31:17.3,neutral,frown,0.95,clench,0.8
1739917877,31:17.3,neutral,frown,0.95,clench,0.8
1739917877,31:17.4,neutral,frown,0.95,clench,0.8
1739917877,31:17.4,neutral,frown,0.95,clench,0.8
1739917877,31:17.4,neutral,frown,0.95,clench,0.8
1739917877,31:17.5,neutral,frown,0.95,clench,0.8
1739917877,31:17.5,neutral,frown,0.95,clench,0.8
1739917878,31:17.5,neutral,frown,0.95,clench,0.8
1739917878,31:17.5,neutral,frown,0.95,clench,0.8
1739917878,31:17.6,neutral,frown,0.95,clench,0.8
1739917878,31:17.6,neutral,frown,0.95,clench,0.8
1739917878,31:17.6,neutral,frown,0.95,clench,0.8
1739917878,31:17.7,neutral,frown,0.95,clench,0.8
1739917878,31:17.7,neutral,frown,0.95,clench,0.8
1739917878,31:17.7,neutral,frown,0.95,clench,0.8
1739917878,31:17.8,neutral,frown,0.95,clench,0.8
1739917878,31:17.8,neutral,frown,0.95,clench,0.8
1739917878,31:17.8,neutral,frown,0.95,clench,0.8
1739917878,31:17.9,neutral,frown,0.95,clench,0.8
1739917878,31:17.9,neutral,frown,0.95,clench,0.8
1739917878,31:17.9,neutral,frown,0.95,clench,0.8
1739917878,31:18.0,neutral,frown,0.95,clench,0.8
1739917878,31:18.0,neutral,frown,0.95,clench,0.8
1739917878,31:18.0,neutral,frown,0.95,clench,0.8
1739917878,31:18.0,neutral,frown,0.95,clench,0.8
1739917878,31:18.1,neutral,frown,0.95,clench,0.8
1739917878,31:18.1,neutral,frown,0.95,clench,0.8
1739917878,31:18.1,neutral,frown,0.95,clench,0.8
1739917878,31:18.2,neutral,frown,0.95,clench,0.8
1739917878,31:18.2,neutral,frown,0.95,clench,0.8
1739917878,31:18.2,neutral,frown,0.95,clench,0.8
1739917878,31:18.3,neutral,frown,0.95,clench,0.8
1739917878,31:18.3,neutral,frown,0.95,clench,0.8
1739917878,31:18.3,neutral,frown,0.95,clench,0.8
1739917878,31:18.4,neutral,frown,0.95,clench,0.8
1739917878,31:18.4,neutral,frown,0.95,clench,0.8
1739917878,31:18.4,neutral,frown,0.95,clench,0.8
1739917878,31:18.5,neutral,frown,0.95,clench,0.8
1739917878,31:18.5,neutral,frown,0.95,clench,0.8
1739917879,31:18.5,neutral,frown,0.95,clench,0.8
1739917879,31:18.5,neutral,frown,0.95,clench,0.8
1739917879,31:18.6,neutral,frown,0.95,clench,0.8
1739917879,31:18.6,neutral,frown,0.95,clench,0.8
1739917879,31:18.6,neutral,frown,0.95,clench,0.8
1739917879,31:18.7,neutral,frown,0.95,clench,0.8
1739917879,31:18.7,neutral,frown,0.95,clench,0.8
1739917879,31:18.7,neutral,frown,0.95,clench,0.8
1739917879,31:18.8,neutral,frown,0.95,clench,0.8
1739917879,31:18.8,neutral,frown,0.95,clench,0.8
1739917879,31:18.8,neutral,frown,0.95,clench,0.8
1739917879,31:18.9,neutral,frown,0.95,clench,0.8
1739917879,31:18.9,neutral,frown,0.95,clench,0.8
1739917879,31:18.9,neutral,frown,0.95,clench,0.8
1739917879,31:19.0,neutral,frown,0.95,clench,0.8
1739917879,31:19.0,neutral,frown,0.95,clench,0.8
1739917879,31:19.0,neutral,frown,0.95,clench,0.8
1739917879,31:19.0,neutral,frown,0.95,clench,0.8
1739917879,31:19.1,neutral,frown,0.95,clench,0.8
1739917879,31:19.1,neutral,frown,0.95,clench,0.8
1739917879,31:19.1,neutral,frown,0.95,clench,0.8
1739917879,31:19.2,neutral,frown,0.95,clench,0.8
1739917879,31:19.2,neutral,frown,0.95,clench,0.8
1739917879,31:19.2,neutral,frown,0.95,clench,0.8
1739917879,31:19.3,neutral,frown,0.95,clench,0.8
1739917879,31:19.3,neutral,frown,0.95,clench,0.8
1739917879,31:19.3,neutral,frown,0.95,clench,0.8
1739917879,31:19.4,neutral,frown,0.95,clench,0.8
1739917879,31:19.4,neutral,frown,0.95,clench,0.8
1739917879,31:19.4,neutral,frown,0.95,clench,0.8
1739917879,31:19.5,neutral,frown,0.95,clench,0.8
1739917879,31:19.5,neutral,frown,0.95,clench,0.8
1739917880,31:19.5,neutral,frown,0.95,clench,0.8
1739917880,31:19.5,neutral,frown,0.95,clench,0.8
1739917880,31:19.6,neutral,frown,0.95,clench,0.8
1739917880,31:19.6,neutral,frown,0.95,clench,0.8
1739917880,31:19.6,neutral,frown,0.95,clench,0.8
1739917880,31:19.7,neutral,frown,0.95,clench,0.8
1739917880,31:19.7,neutral,frown,0.95,clench,0.8
1739917880,31:19.7,neutral,frown,0.95,clench,0.8
1739917880,31:19.8,neutral,frown,0.95,clench,0.8
1739917880,31:19.8,neutral,frown,0.95,clench,0.8
1739917880,31:19.8,neutral,frown,0.95,clench,0.8
1739917880,31:19.9,neutral,frown,0.95,clench,0.8
1739917880,31:19.9,neutral,frown,0.95,clench,0.8
1739917880,31:19.9,neutral,frown,0.95,clench,0.8
1739917880,31:20.0,neutral,frown,0.95,clench,0.8
1739917880,31:20.0,neutral,frown,0.95,clench,0.8
1739917880,31:20.0,neutral,frown,0.95,clench,0.8
1739917880,31:20.0,neutral,frown,0.95,clench,0.8
1739917880,31:20.1,neutral,frown,0.95,clench,0.8
1739917880,31:20.1,neutral,frown,0.95,clench,0.8
1739917880,31:20.1,neutral,frown,0.95,clench,0.8
1739917880,31:20.2,neutral,frown,0.95,clench,0.8
1739917880,31:20.2,neutral,frown,0.95,clench,0.8
1739917880,31:20.2,neutral,frown,0.95,clench,0.8
1739917880,31:20.3,neutral,frown,0.95,clench,0.8
1739917880,31:20.3,neutral,frown,0.95,clench,0.8
1739917880,31:20.3,neutral,frown,0.95,clench,0.8
1739917880,31:20.4,neutral,frown,0.95,clench,0.8
1739917880,31:20.4,neutral,frown,0.95,clench,0.8
1739917880,31:20.4,neutral,frown,0.95,clench,0.8
1739917880,31:20.5,neutral,frown,0.95,clench,0.8
1739917880,31:20.5,neutral,frown,0.95,clench,0.8
1739917881,31:20.5,neutral,frown,0.95,clench,0.8
1739917881,31:20.5,neutral,frown,0.95,clench,0.8
1739917881,31:20.6,neutral,frown,0.95,clench,0.8
1739917881,31:20.6,neutral,frown,0.95,clench,0.8
1739917881,31:20.6,neutral,frown,0.95,clench,0.8
1739917881,31:20.7,neutral,frown,0.95,clench,0.8
1739917881,31:20.7,neutral,frown,0.95,clench,0.8
1739917881,31:20.7,neutral,frown,0.95,clench,0.8
1739917881,31:20.8,neutral,frown,0.95,clench,0.8
1739917881,31:20.8,neutral,frown,0.95,clench,0.8
1739917881,31:20.8,neutral,frown,0.95,clench,0.8
1739917881,31:20.9,neutral,frown,0.95,clench,0.8
1739917881,31:20.9,neutral,frown,0.95,clench,0.8
1739917881,31:20.9,neutral,frown,0.95,clench,0.8
1739917881,31:21.0,neutral,frown,0.95,clench,0.8
1739917881,31:21.0,neutral,frown,0.95,clench,0.8
1739917881,31:21.0,neutral,frown,0.95,clench,0.8
1739917881,31:21.0,neutral,frown,0.95,clench,0.8
1739917881,31:21.1,neutral,frown,0.95,clench,0.8
1739917881,31:21.1,neutral,frown,0.95,clench,0.8
1739917881,31:21.1,neutral,frown,0.95,clench,0.8
1739917881,31:21.2,neutral,frown,0.95,clench,0.8
1739917881,31:21.2,neutral,frown,0.95,clench,0.8
1739917881,31:21.2,neutral,frown,0.95,clench,0.8
1739917881,31:21.3,neutral,frown,0.95,clench,0.8
1739917881,31:21.3,neutral,frown,0.95,clench,0.8
1739917881,31:21.3,neutral,frown,0.95,clench,0.8
1739917881,31:21.4,neutral,frown,0.95,clench,0.8
1739917881,31:21.4,neutral,frown,0.95,clench,0.8
1739917881,31:21.4,neutral,frown,0.95,clench,0.8
1739917881,31:21.5,neutral,frown,0.95,clench,0.8
1739917881,31:21.5,neutral,frown,0.95,clench,0.8
1739917882,31:21.5,neutral,frown,0.95,clench,0.8
1739917882,31:21.5,neutral,frown,0.95,clench,0.8
1739917882,31:21.6,neutral,frown,0.95,clench,0.8
1739917882,31:21.6,neutral,frown,0.95,clench,0.8
1739917882,31:21.6,neutral,frown,0.95,clench,0.8
1739917882,31:21.7,neutral,frown,0.95,clench,0.8
1739917882,31:21.7,neutral,frown,0.95,clench,0.8
1739917882,31:21.7,neutral,frown,0.95,clench,0.8
1739917882,31:21.8,neutral,frown,0.95,clench,0.8
1739917882,31:21.8,neutral,frown,0.95,clench,0.8
1739917882,31:21.8,neutral,frown,0.95,clench,0.8
1739917882,31:21.9,neutral,frown,0.95,clench,0.8
1739917882,31:21.9,neutral,frown,0.95,clench,0.8
1739917882,31:21.9,neutral,frown,0.95,clench,0.8
1739917882,31:22.0,neutral,frown,0.95,clench,0.8
1739917882,31:22.0,neutral,frown,0.95,clench,0.8
1739917882,31:22.0,neutral,frown,0.95,clench,0.8
1739917882,31:22.0,neutral,frown,0.95,clench,0.8
1739917882,31:22.1,neutral,frown,0.95,clench,0.8
1739917882,31:22.1,neutral,frown,0.95,clench,0.8
1739917882,31:22.1,neutral,frown,0.95,clench,0.8
1739917882,31:22.2,neutral,frown,0.95,clench,0.8
1739917882,31:22.2,neutral,frown,0.95,clench,0.8
1739917882,31:22.2,neutral,frown,0.95,clench,0.8
1739917882,31:22.3,neutral,frown,0.95,clench,0.8
1739917882,31:22.3,neutral,frown,0.95,clench,0.8
1739917882,31:22.3,neutral,frown,0.95,clench,0.8
1739917882,31:22.4,neutral,frown,0.95,clench,0.8
1739917882,31:22.4,neutral,frown,0.95,clench,0.8
1739917882,31:22.4,neutral,frown,0.95,clench,0.8
1739917882,31:22.5,neutral,frown,0.95,clench,0.8
1739917882,31:22.5,neutral,frown,0.95,clench,0.8
1739917883,31:22.5,neutral,frown,0.95,clench,0.8
1739917883,31:22.5,neutral,frown,0.95,clench,0.8
1739917883,31:22.6,neutral,frown,0.95,clench,0.8
1739917883,31:22.6,neutral,frown,0.95,clench,0.8
1739917883,31:22.6,neutral,frown,0.95,clench,0.8
1739917883,31:22.7,neutral,frown,0.95,clench,0.8
1739917883,31:22.7,neutral,frown,0.95,clench,0.8
1739917883,31:22.7,neutral,frown,0.95,clench,0.8
1739917883,31:22.8,neutral,frown,0.95,clench,0.8
1739917883,31:22.8,neutral,frown,0.95,clench,0.8
1739917883,31:22.8,neutral,frown,0.95,clench,0.8
1739917883,31:22.9,neutral,frown,0.95,clench,0.8
1739917883,31:22.9,neutral,frown,0.95,clench,0.8
1739917883,31:22.9,neutral,frown,0.95,clench,0.8
1739917883,31:23.0,neutral,frown,0.95,clench,0.8
1739917883,31:23.0,neutral,frown,0.95,clench,0.8
1739917883,31:23.0,neutral,frown,0.95,clench,0.8
1739917883,31:23.0,neutral,frown,0.95,clench,0.8
1739917883,31:23.1,neutral,frown,0.95,clench,0.8
1739917883,31:23.1,neutral,frown,0.95,clench,0.8
1739917883,31:23.1,neutral,frown,0.95,clench,0.8
1739917883,31:23.2,neutral,frown,0.95,clench,0.8
1739917883,31:23.2,neutral,frown,0.95,clench,0.8
1739917883,31:23.2,neutral,frown,0.95,clench,0.8
1739917883,31:23.3,neutral,frown,0.95,clench,0.8
1739917883,31:23.3,neutral,frown,0.95,clench,0.8
1739917883,31:23.3,neutral,frown,0.95,clench,0.8
1739917883,31:23.4,neutral,frown,0.95,clench,0.8
1739917883,31:23.4,neutral,frown,0.95,clench,0.8
1739917883,31:23.4,neutral,frown,0.95,clench,0.8
1739917883,31:23.5,neutral,frown,0.95,clench,0.8
1739917883,31:23.5,neutral,frown,0.95,clench,0.8
1739917884,31:23.5,neutral,frown,0.95,clench,0.8
1739917884,31:23.5,neutral,frown,0.95,clench,0.8
1739917884,31:23.6,neutral,frown,0.95,clench,0.8
1739917884,31:23.6,neutral,frown,0.95,clench,0.8
1739917884,31:23.6,neutral,frown,0.95,clench,0.8
1739917884,31:23.7,neutral,frown,0.95,clench,0.8
1739917884,31:23.7,neutral,frown,0.95,clench,0.8
1739917884,31:23.7,neutral,frown,0.95,clench,0.8
1739917884,31:23.8,neutral,frown,0.95,clench,0.8
1739917884,31:23.8,neutral,frown,0.95,clench,0.8
1739917884,31:23.8,neutral,frown,0.95,clench,0.8
1739917884,31:23.9,neutral,frown,0.95,clench,0.8
1739917884,31:23.9,neutral,frown,0.95,clench,0.8
1739917884,31:23.9,neutral,frown,0.95,clench,0.8
1739917884,31:24.0,neutral,frown,0.95,clench,0.8
1739917884,31:24.0,neutral,frown,0.95,clench,0.8
1739917884,31:24.0,neutral,frown,0.95,clench,0.8
1739917884,31:24.1,neutral,frown,0.95,clench,0.8
1739917884,31:24.1,neutral,frown,0.95,clench,0.8
1739917884,31:24.1,neutral,frown,0.95,clench,0.8
1739917884,31:24.1,neutral,frown,0.95,clench,0.8
1739917884,31:24.2,neutral,frown,0.95,clench,0.8
1739917884,31:24.2,neutral,frown,0.95,clench,0.8
1739917884,31:24.2,neutral,frown,0.95,clench,0.8
1739917884,31:24.3,neutral,frown,0.95,clench,0.8
1739917884,31:24.3,neutral,frown,0.95,clench,0.8
1739917884,31:24.3,neutral,frown,0.95,clench,0.8
1739917884,31:24.4,neutral,frown,0.95,clench,0.8
1739917884,31:24.4,neutral,frown,0.95,clench,0.8
1739917884,31:24.4,neutral,frown,0.95,clench,0.8
1739917884,31:24.5,neutral,frown,0.95,clench,0.8
1739917884,31:24.5,neutral,frown,0.95,clench,0.8
1739917885,31:24.5,neutral,frown,0.95,clench,0.8
1739917885,31:24.5,neutral,frown,0.95,clench,0.8
1739917885,31:24.6,neutral,frown,0.95,clench,0.8
1739917885,31:24.6,neutral,frown,0.95,clench,0.8
1739917885,31:24.6,neutral,frown,0.95,clench,0.8
1739917885,31:24.7,neutral,frown,0.95,clench,0.8
1739917885,31:24.7,neutral,frown,0.95,clench,0.8
1739917885,31:24.7,neutral,frown,0.95,clench,0.8
1739917885,31:24.8,neutral,frown,0.95,clench,0.8
1739917885,31:24.8,neutral,frown,0.95,clench,0.8
1739917885,31:24.8,neutral,frown,0.95,clench,0.8
1739917885,31:24.9,neutral,frown,0.95,clench,0.8
1739917885,31:24.9,neutral,frown,0.95,clench,0.8
1739917885,31:24.9,neutral,frown,0.95,clench,0.8
1739917885,31:25.0,neutral,frown,0.95,clench,0.8
1739917885,31:25.0,neutral,frown,0.95,clench,0.8
1739917885,31:25.0,neutral,frown,0.95,clench,0.8
1739917885,31:25.0,neutral,frown,0.95,clench,0.8
1739917885,31:25.1,neutral,frown,0.95,clench,0.8
1739917885,31:25.1,neutral,frown,0.95,clench,0.8
1739917885,31:25.1,neutral,frown,0.95,clench,0.8
1739917885,31:25.2,neutral,frown,0.95,clench,0.8
1739917885,31:25.2,neutral,frown,0.95,clench,0.8
1739917885,31:25.2,neutral,frown,0.95,clench,0.8
1739917885,31:25.3,neutral,frown,0.95,clench,0.8
1739917885,31:25.3,neutral,frown,0.95,clench,0.8
1739917885,31:25.3,neutral,frown,0.95,clench,0.8
1739917885,31:25.4,neutral,frown,0.95,clench,0.8
1739917885,31:25.4,neutral,frown,0.95,clench,0.8
1739917885,31:25.4,neutral,frown,0.95,clench,0.8
1739917885,31:25.5,neutral,frown,0.95,clench,0.8
1739917885,31:25.5,neutral,frown,0.95,clench,0.8
1739917886,31:25.5,neutral,frown,0.95,clench,0.8
1739917886,31:25.5,neutral,frown,0.95,clench,0.8
1739917886,31:25.6,neutral,frown,0.95,clench,0.8
1739917886,31:25.6,neutral,frown,0.95,clench,0.8
1739917886,31:25.6,neutral,frown,0.95,clench,0.8
1739917886,31:25.7,neutral,frown,0.95,clench,0.8
1739917886,31:25.7,neutral,frown,0.95,clench,0.8
1739917886,31:25.7,neutral,frown,0.95,clench,0.8
1739917886,31:25.8,neutral,frown,0.95,clench,0.8
1739917886,31:25.8,neutral,frown,0.95,clench,0.8
1739917886,31:25.8,neutral,frown,0.95,clench,0.8
1739917886,31:25.9,neutral,frown,0.95,clench,0.8
1739917886,31:25.9,neutral,frown,0.95,clench,0.8
1739917886,31:25.9,neutral,frown,0.95,clench,0.8
1739917886,31:26.0,neutral,frown,0.95,clench,0.8
1739917886,31:26.0,neutral,frown,0.95,clench,0.8
1739917886,31:26.0,neutral,frown,0.95,clench,0.8
1739917886,31:26.0,neutral,frown,0.95,clench,0.8
1739917886,31:26.1,neutral,frown,0.95,clench,0.8
1739917886,31:26.1,neutral,frown,0.95,clench,0.8
1739917886,31:26.1,neutral,frown,0.95,clench,0.8
1739917886,31:26.2,neutral,frown,0.95,clench,0.8
1739917886,31:26.2,neutral,frown,0.95,clench,0.8
1739917886,31:26.2,neutral,frown,0.95,clench,0.8
1739917886,31:26.3,neutral,frown,0.95,clench,0.8
1739917886,31:26.3,neutral,frown,0.95,clench,0.8
1739917886,31:26.3,neutral,frown,0.95,clench,0.8
1739917886,31:26.4,neutral,frown,0.95,clench,0.8
1739917886,31:26.4,neutral,frown,0.95,clench,0.8
1739917886,31:26.4,neutral,frown,0.95,clench,0.8
1739917886,31:26.5,neutral,frown,0.95,clench,0.8
1739917886,31:26.5,neutral,frown,0.95,clench,0.8
1739917887,31:26.5,neutral,frown,0.95,clench,0.8
1739917887,31:26.5,neutral,frown,0.95,clench,0.8
1739917887,31:26.6,neutral,frown,0.95,clench,0.8
1739917887,31:26.6,neutral,frown,0.95,clench,0.8
1739917887,31:26.6,neutral,frown,0.95,clench,0.8
1739917887,31:26.7,neutral,frown,0.95,clench,0.8
1739917887,31:26.7,neutral,frown,0.95,clench,0.8
1739917887,31:26.7,neutral,frown,0.95,clench,0.8
1739917887,31:26.8,neutral,frown,0.95,clench,0.8
1739917887,31:26.8,neutral,frown,0.95,clench,0.8
1739917887,31:26.8,neutral,frown,0.95,clench,0.8
1739917887,31:26.9,neutral,frown,0.95,clench,0.8
1739917887,31:26.9,neutral,frown,0.95,clench,0.8
1739917887,31:26.9,neutral,frown,0.95,clench,0.8
1739917887,31:27.0,neutral,frown,0.95,clench,0.8
1739917887,31:27.0,neutral,frown,0.95,clench,0.8
1739917887,31:27.0,neutral,frown,0.95,clench,0.8
1739917887,31:27.0,neutral,frown,0.95,clench,0.8
1739917887,31:27.1,neutral,frown,0.95,clench,0.8
1739917887,31:27.1,neutral,frown,0.95,clench,0.8
1739917887,31:27.1,neutral,frown,0.95,clench,0.8
1739917887,31:27.2,neutral,frown,0.95,clench,0.8
1739917887,31:27.2,neutral,frown,0.95,clench,0.8
1739917887,31:27.2,neutral,frown,0.95,clench,0.8
1739917887,31:27.3,neutral,frown,0.95,clench,0.8
1739917887,31:27.3,neutral,frown,0.95,clench,0.8
1739917887,31:27.3,neutral,frown,0.95,clench,0.8
1739917887,31:27.4,neutral,frown,0.95,clench,0.8
1739917887,31:27.4,neutral,frown,0.95,clench,0.8
1739917887,31:27.4,neutral,frown,0.95,clench,0.8
1739917887,31:27.5,neutral,frown,0.95,clench,0.8
1739917887,31:27.5,neutral,frown,0.95,clench,0.8
1739917888,31:27.5,neutral,frown,0.95,clench,0.8
1739917888,31:27.5,neutral,frown,0.95,clench,0.8
1739917888,31:27.6,neutral,frown,0.95,clench,0.8
1739917888,31:27.6,neutral,frown,0.95,clench,0.8
1739917888,31:27.6,neutral,frown,0.95,clench,0.8
1739917888,31:27.7,neutral,frown,0.95,clench,0.8
1739917888,31:27.7,neutral,frown,0.95,clench,0.8
1739917888,31:27.7,neutral,frown,0.95,clench,0.8
1739917888,31:27.8,neutral,frown,0.95,clench,0.8
1739917888,31:27.8,neutral,frown,0.95,clench,0.8
1739917888,31:27.8,neutral,frown,0.95,clench,0.8
1739917888,31:27.9,neutral,frown,0.95,clench,0.8
1739917888,31:27.9,neutral,frown,0.95,clench,0.8
1739917888,31:27.9,neutral,frown,0.95,clench,0.8
1739917888,31:28.0,neutral,frown,0.95,clench,0.8
1739917888,31:28.0,neutral,frown,0.95,clench,0.8
1739917888,31:28.0,neutral,frown,0.95,clench,0.8
1739917888,31:28.0,neutral,frown,0.95,clench,0.8
1739917888,31:28.1,neutral,frown,0.95,clench,0.8
1739917888,31:28.1,neutral,frown,0.95,clench,0.8
1739917888,31:28.1,neutral,frown,0.95,clench,0.8
1739917888,31:28.2,neutral,frown,0.95,clench,0.8
1739917888,31:28.2,neutral,frown,0.95,clench,0.8
1739917888,31:28.2,neutral,frown,0.95,clench,0.8
1739917888,31:28.3,neutral,frown,0.95,clench,0.8
1739917888,31:28.3,neutral,frown,0.95,clench,0.8
1739917888,31:28.3,neutral,frown,0.95,clench,0.8
1739917888,31:28.4,neutral,frown,0.95,clench,0.8
1739917888,31:28.4,neutral,frown,0.95,clench,0.8
1739917888,31:28.4,neutral,frown,0.95,clench,0.8
1739917888,31:28.5,neutral,frown,0.95,clench,0.8
1739917888,31:28.5,neutral,frown,0.95,clench,0.8
1739917889,31:28.5,neutral,frown,0.95,clench,0.8
1739917889,31:28.5,neutral,frown,0.95,clench,0.8
1739917889,31:28.6,neutral,frown,0.95,clench,0.8
1739917889,31:28.6,neutral,frown,0.95,clench,0.8
1739917889,31:28.6,neutral,frown,0.95,clench,0.8
1739917889,31:28.7,neutral,frown,0.95,clench,0.8
1739917889,31:28.7,neutral,frown,0.95,clench,0.8
1739917889,31:28.7,neutral,frown,0.95,clench,0.8
1739917889,31:28.8,neutral,frown,0.95,clench,0.8
1739917889,31:28.8,neutral,frown,0.95,clench,0.8
1739917889,31:28.8,neutral,frown,0.95,clench,0.8
1739917889,31:28.9,neutral,frown,0.95,clench,0.8
1739917889,31:28.9,neutral,frown,0.95,clench,0.8
1739917889,31:28.9,neutral,frown,0.95,clench,0.8
1739917889,31:29.0,neutral,frown,0.95,clench,0.8
1739917889,31:29.0,neutral,frown,0.95,clench,0.8
1739917889,31:29.0,neutral,frown,0.95,clench,0.8
1739917889,31:29.0,neutral,frown,0.95,clench,0.8
1739917889,31:29.1,neutral,frown,0.95,clench,0.8
1739917889,31:29.1,neutral,frown,0.95,clench,0.8
1739917889,31:29.1,neutral,frown,0.95,clench,0.8
1739917889,31:29.2,neutral,frown,0.95,clench,0.8
1739917889,31:29.2,neutral,frown,0.95,clench,0.8
1739917889,31:29.2,neutral,frown,0.95,clench,0.8
1739917889,31:29.3,neutral,frown,0.95,clench,0.8
1739917889,31:29.3,neutral,frown,0.95,clench,0.8
1739917889,31:29.3,neutral,frown,0.95,clench,0.8
1739917889,31:29.4,neutral,frown,0.95,clench,0.8
1739917889,31:29.4,neutral,frown,0.95,clench,0.8
1739917889,31:29.4,neutral,frown,0.95,clench,0.8
1739917889,31:29.5,neutral,frown,0.95,clench,0.8
1739917889,31:29.5,neutral,frown,0.95,clench,0.8
1739917890,31:29.5,neutral,frown,0.95,clench,0.8
1739917890,31:29.5,neutral,frown,0.95,clench,0.8
1739917890,31:29.6,neutral,frown,0.95,clench,0.8
1739917890,31:29.6,neutral,frown,0.95,clench,0.8
1739917890,31:29.6,neutral,frown,0.95,clench,0.8
1739917890,31:29.7,neutral,frown,0.95,clench,0.8
1739917890,31:29.7,neutral,frown,0.95,clench,0.8
1739917890,31:29.7,neutral,frown,0.95,clench,0.8
1739917890,31:29.8,neutral,frown,0.95,clench,0.8
1739917890,31:29.8,neutral,frown,0.95,clench,0.8
1739917890,31:29.8,neutral,frown,0.95,clench,0.8
1739917890,31:29.9,neutral,frown,0.95,clench,0.8
1739917890,31:29.9,neutral,frown,0.95,clench,0.8
1739917890,31:29.9,neutral,frown,0.95,clench,0.8
1739917890,31:30.0,neutral,frown,0.95,clench,0.8
1739917890,31:30.0,neutral,frown,0.95,clench,0.8
1739917890,31:30.0,neutral,frown,0.95,clench,0.8
1739917890,31:30.0,neutral,frown,0.95,clench,0.8
1739917890,31:30.1,neutral,frown,0.95,clench,0.8
1739917890,31:30.1,neutral,frown,0.95,clench,0.8
1739917890,31:30.1,neutral,frown,0.95,clench,0.8
1739917890,31:30.2,neutral,frown,0.95,clench,0.8
1739917890,31:30.2,neutral,frown,0.95,clench,0.8
1739917890,31:30.2,neutral,frown,0.95,clench,0.8
1739917890,31:30.3,neutral,frown,0.95,clench,0.8
1739917890,31:30.3,neutral,frown,0.95,clench,0.8
1739917890,31:30.3,neutral,frown,0.95,clench,0.8
1739917890,31:30.4,neutral,frown,0.95,clench,0.8
1739917890,31:30.4,neutral,frown,0.95,clench,0.8
1739917890,31:30.4,neutral,frown,0.95,clench,0.8
1739917890,31:30.5,neutral,frown,0.95,clench,0.8
1739917890,31:30.5,neutral,frown,0.95,clench,0.8
1739917891,31:30.5,neutral,frown,0.95,clench,0.8
1739917891,31:30.5,neutral,frown,0.95,clench,0.8
1739917891,31:30.6,neutral,frown,0.95,clench,0.8
1739917891,31:30.6,neutral,frown,0.95,clench,0.8
1739917891,31:30.6,neutral,frown,0.95,clench,0.8
1739917891,31:30.7,neutral,frown,0.95,clench,0.8
1739917891,31:30.7,neutral,frown,0.95,clench,0.8
1739917891,31:30.7,neutral,frown,0.95,clench,0.8
1739917891,31:30.8,neutral,frown,0.95,clench,0.8
1739917891,31:30.8,neutral,frown,0.95,clench,0.8
1739917891,31:30.8,neutral,frown,0.95,clench,0.8
1739917891,31:30.9,neutral,frown,0.95,clench,0.8
1739917891,31:30.9,neutral,frown,0.95,clench,0.8
1739917891,31:30.9,neutral,frown,0.95,clench,0.8
1739917891,31:31.0,neutral,frown,0.95,clench,0.8
1739917891,31:31.0,neutral,frown,0.95,clench,0.8
1739917891,31:31.0,neutral,frown,0.95,clench,0.8
1739917891,31:31.0,neutral,frown,0.95,clench,0.8
1739917891,31:31.1,neutral,frown,0.95,clench,0.8
1739917891,31:31.1,neutral,frown,0.95,clench,0.8
1739917891,31:31.1,neutral,frown,0.95,clench,0.8
1739917891,31:31.2,neutral,frown,0.95,clench,0.8
1739917891,31:31.2,neutral,frown,0.95,clench,0.8
1739917891,31:31.2,neutral,frown,0.95,clench,0.8
1739917891,31:31.3,neutral,frown,0.95,clench,0.8
1739917891,31:31.3,neutral,frown,0.95,clench,0.8
1739917891,31:31.3,neutral,frown,0.95,clench,0.8
1739917891,31:31.4,neutral,frown,0.95,clench,0.8
1739917891,31:31.4,neutral,frown,0.95,clench,0.8
1739917891,31:31.4,neutral,frown,0.95,clench,0.8
1739917891,31:31.5,neutral,frown,0.95,clench,0.8
1739917891,31:31.5,neutral,frown,0.95,clench,0.8
1739917892,31:31.5,neutral,frown,0.95,clench,0.8
1739917892,31:31.5,neutral,frown,0.95,clench,0.8
1739917892,31:31.6,neutral,frown,0.95,clench,0.8
1739917892,31:31.6,neutral,frown,0.95,clench,0.8
1739917892,31:31.6,neutral,frown,0.95,clench,0.8
1739917892,31:31.7,neutral,frown,0.95,clench,0.8
1739917892,31:31.7,neutral,frown,0.95,clench,0.8
1739917892,31:31.7,neutral,frown,0.95,clench,0.8
1739917892,31:31.8,neutral,frown,0.95,clench,0.8
1739917892,31:31.8,neutral,frown,0.95,clench,0.8
1739917892,31:31.8,neutral,frown,0.95,clench,0.8
1739917892,31:31.9,neutral,frown,0.95,clench,0.8
1739917892,31:31.9,neutral,frown,0.95,clench,0.8
1739917892,31:31.9,neutral,frown,0.95,clench,0.8
1739917892,31:32.0,neutral,frown,0.95,clench,0.8
1739917892,31:32.0,neutral,frown,0.95,clench,0.8
1739917892,31:32.0,neutral,frown,0.95,clench,0.8
1739917892,31:32.1,neutral,frown,0.95,clench,0.8
1739917892,31:32.1,neutral,frown,0.95,clench,0.8
1739917892,31:32.1,neutral,frown,0.95,clench,0.8
1739917892,31:32.1,neutral,frown,0.95,clench,0.8
1739917892,31:32.2,neutral,frown,0.95,clench,0.8
1739917892,31:32.2,neutral,frown,0.95,clench,0.8
1739917892,31:32.2,neutral,frown,0.95,clench,0.8
1739917892,31:32.3,neutral,frown,0.95,clench,0.8
1739917892,31:32.3,neutral,frown,0.95,clench,0.8
1739917892,31:32.3,neutral,frown,0.95,clench,0.8
1739917892,31:32.4,neutral,frown,0.95,clench,0.8
1739917892,31:32.4,neutral,frown,0.95,clench,0.8
1739917892,31:32.4,neutral,frown,0.95,clench,0.8
1739917892,31:32.5,neutral,frown,0.95,clench,0.8
1739917892,31:32.5,neutral,frown,0.95,clench,0.8
1739917893,31:32.5,neutral,frown,0.95,clench,0.8
1739917893,31:32.5,neutral,frown,0.95,clench,0.8
1739917893,31:32.6,neutral,frown,0.95,clench,0.8
1739917893,31:32.6,neutral,frown,0.95,clench,0.8
1739917893,31:32.6,neutral,frown,0.95,clench,0.8
1739917893,31:32.7,neutral,frown,0.95,clench,0.8
1739917893,31:32.7,neutral,frown,0.95,clench,0.8
1739917893,31:32.7,neutral,frown,0.95,clench,0.8
1739917893,31:32.8,neutral,frown,0.95,clench,0.8
1739917893,31:32.8,neutral,frown,0.95,clench,0.8
1739917893,31:32.8,neutral,frown,0.95,clench,0.8
1739917893,31:32.9,neutral,frown,0.95,clench,0.8
1739917893,31:32.9,neutral,frown,0.95,clench,0.8
1739917893,31:32.9,neutral,frown,0.95,clench,0.8
1739917893,31:33.0,neutral,frown,0.95,clench,0.8
1739917893,31:33.0,neutral,frown,0.95,clench,0.8
1739917893,31:33.0,neutral,frown,0.95,clench,0.8
1739917893,31:33.0,neutral,frown,0.95,clench,0.8
1739917893,31:33.1,neutral,frown,0.95,clench,0.8
1739917893,31:33.1,neutral,frown,0.95,clench,0.8
1739917893,31:33.1,neutral,frown,0.95,clench,0.8
1739917893,31:33.2,neutral,frown,0.95,clench,0.8
1739917893,31:33.2,neutral,frown,0.95,clench,0.8
1739917893,31:33.2,neutral,frown,0.95,clench,0.8
1739917893,31:33.3,neutral,frown,0.95,clench,0.8
1739917893,31:33.3,neutral,frown,0.95,clench,0.8
1739917893,31:33.3,neutral,frown,0.95,clench,0.8
1739917893,31:33.4,neutral,frown,0.95,clench,0.8
1739917893,31:33.4,neutral,frown,0.95,clench,0.8
1739917893,31:33.4,neutral,frown,0.95,clench,0.8
1739917893,31:33.5,neutral,frown,0.95,clench,0.8
1739917893,31:33.5,neutral,frown,0.95,clench,0.8
1739917894,31:33.5,neutral,frown,0.95,clench,0.8
1739917894,31:33.5,neutral,frown,0.95,clench,0.8
1739917894,31:33.6,neutral,frown,0.95,clench,0.8
1739917894,31:33.6,neutral,frown,0.95,clench,0.8
1739917894,31:33.6,neutral,frown,0.95,clench,0.8
1739917894,31:33.7,neutral,frown,0.95,clench,0.8
1739917894,31:33.7,neutral,frown,0.95,clench,0.8
1739917894,31:33.7,neutral,frown,0.95,clench,0.8
1739917894,31:33.8,neutral,frown,0.95,clench,0.8
1739917894,31:33.8,neutral,frown,0.95,clench,0.8
1739917894,31:33.8,neutral,frown,0.95,clench,0.8
1739917894,31:33.9,neutral,frown,0.95,clench,0.8
1739917894,31:33.9,neutral,frown,0.95,clench,0.8
1739917894,31:33.9,neutral,frown,0.95,clench,0.8
1739917894,31:34.0,neutral,frown,0.95,clench,0.8
1739917894,31:34.0,neutral,frown,0.95,clench,0.8
1739917894,31:34.0,neutral,frown,0.95,clench,0.8
1739917894,31:34.0,neutral,frown,0.95,clench,0.8
1739917894,31:34.1,neutral,frown,0.95,clench,0.8
1739917894,31:34.1,neutral,frown,0.95,clench,0.8
1739917894,31:34.1,neutral,frown,0.95,clench,0.8
1739917894,31:34.2,neutral,frown,0.95,clench,0.8
1739917894,31:34.2,neutral,frown,0.95,clench,0.8
1739917894,31:34.2,neutral,frown,0.95,clench,0.8
1739917894,31:34.3,neutral,frown,0.95,clench,0.8
1739917894,31:34.3,neutral,frown,0.95,clench,0.8
1739917894,31:34.3,neutral,frown,0.95,clench,0.8
1739917894,31:34.4,neutral,frown,0.95,clench,0.8
1739917894,31:34.4,neutral,frown,0.95,clench,0.8
1739917894,31:34.4,neutral,frown,0.95,clench,0.8
1739917894,31:34.5,neutral,frown,0.95,clench,0.8
1739917894,31:34.5,neutral,frown,0.95,clench,0.8
1739917895,31:34.5,neutral,frown,0.95,clench,0.8
1739917895,31:34.5,neutral,frown,0.95,clench,0.8
1739917895,31:34.6,neutral,frown,0.95,clench,0.8
1739917895,31:34.6,neutral,frown,0.95,clench,0.8
1739917895,31:34.6,neutral,frown,0.95,clench,0.8
1739917895,31:34.7,neutral,frown,0.95,clench,0.8
1739917895,31:34.7,neutral,frown,0.95,clench,0.8
1739917895,31:34.7,neutral,frown,0.95,clench,0.8
1739917895,31:34.8,neutral,frown,0.95,clench,0.8
1739917895,31:34.8,neutral,frown,0.95,clench,0.8
1739917895,31:34.8,neutral,frown,0.95,clench,0.8
1739917895,31:34.9,neutral,frown,0.95,clench,0.8
1739917895,31:34.9,neutral,frown,0.95,clench,0.8
1739917895,31:34.9,neutral,frown,0.95,clench,0.8
1739917895,31:35.0,neutral,frown,0.95,clench,0.8
1739917895,31:35.0,neutral,frown,0.95,clench,0.8
1739917895,31:35.0,neutral,frown,0.95,clench,0.8
1739917895,31:35.0,neutral,frown,0.95,clench,0.8
1739917895,31:35.1,neutral,frown,0.95,clench,0.8
1739917895,31:35.1,neutral,frown,0.95,clench,0.8
1739917895,31:35.1,neutral,frown,0.95,clench,0.8
1739917895,31:35.2,neutral,frown,0.95,clench,0.8
1739917895,31:35.2,neutral,frown,0.95,clench,0.8
1739917895,31:35.2,neutral,frown,0.95,clench,0.8
1739917895,31:35.3,neutral,frown,0.95,clench,0.8
1739917895,31:35.3,neutral,frown,0.95,clench,0.8
1739917895,31:35.3,neutral,frown,0.95,clench,0.8
1739917895,31:35.4,neutral,frown,0.95,clench,0.8
1739917895,31:35.4,neutral,frown,0.95,clench,0.8
1739917895,31:35.4,neutral,frown,0.95,clench,0.8
1739917895,31:35.5,neutral,frown,0.95,clench,0.8
1739917895,31:35.5,neutral,frown,0.95,clench,0.8
1739917896,31:35.5,neutral,frown,0.95,clench,0.8
1739917896,31:35.5,neutral,frown,0.95,clench,0.8
1739917896,31:35.6,neutral,frown,0.95,clench,0.8
1739917896,31:35.6,neutral,frown,0.95,clench,0.8
1739917896,31:35.6,neutral,frown,0.95,clench,0.8
1739917896,31:35.7,neutral,frown,0.95,clench,0.8
1739917896,31:35.7,neutral,frown,0.95,clench,0.8
1739917896,31:35.7,neutral,frown,0.95,clench,0.8
1739917896,31:35.8,neutral,frown,0.95,clench,0.8
1739917896,31:35.8,neutral,frown,0.95,clench,0.8
1739917896,31:35.8,neutral,frown,0.95,clench,0.8
1739917896,31:35.9,neutral,frown,0.95,clench,0.8
1739917896,31:35.9,neutral,frown,0.95,clench,0.8
1739917896,31:35.9,neutral,frown,0.95,clench,0.8
1739917896,31:36.0,neutral,frown,0.95,clench,0.8
1739917896,31:36.0,neutral,frown,0.95,clench,0.8
1739917896,31:36.0,neutral,frown,0.95,clench,0.8
1739917896,31:36.0,neutral,frown,0.95,clench,0.8
1739917896,31:36.1,neutral,frown,0.95,clench,0.8
1739917896,31:36.1,neutral,frown,0.95,clench,0.8
1739917896,31:36.1,neutral,frown,0.95,clench,0.8
1739917896,31:36.2,neutral,frown,0.95,clench,0.8
1739917896,31:36.2,neutral,frown,0.95,clench,0.8
1739917896,31:36.2,neutral,frown,0.95,clench,0.8
1739917896,31:36.3,neutral,frown,0.95,clench,0.8
1739917896,31:36.3,neutral,frown,0.95,clench,0.8
1739917896,31:36.3,neutral,frown,0.95,clench,0.8
1739917896,31:36.4,neutral,frown,0.95,clench,0.8
1739917896,31:36.4,neutral,frown,0.95,clench,0.8
1739917896,31:36.4,neutral,frown,0.95,clench,0.8
1739917896,31:36.5,neutral,frown,0.95,clench,0.8
1739917896,31:36.5,neutral,frown,0.95,clench,0.8
1739917897,31:36.5,neutral,frown,0.95,clench,0.8
1739917897,31:36.5,neutral,frown,0.95,clench,0.8
1739917897,31:36.6,neutral,frown,0.95,clench,0.8
1739917897,31:36.6,neutral,frown,0.95,clench,0.8
1739917897,31:36.6,neutral,frown,0.95,clench,0.8
1739917897,31:36.7,neutral,frown,0.95,clench,0.8
1739917897,31:36.7,neutral,frown,0.95,clench,0.8
1739917897,31:36.7,neutral,frown,0.95,clench,0.8
1739917897,31:36.8,neutral,frown,0.95,clench,0.8
1739917897,31:36.8,neutral,frown,0.95,clench,0.8
1739917897,31:36.8,neutral,frown,0.95,clench,0.8
1739917897,31:36.9,neutral,frown,0.95,clench,0.8
1739917897,31:36.9,neutral,frown,0.95,clench,0.8
1739917897,31:36.9,neutral,frown,0.95,clench,0.8
1739917897,31:37.0,neutral,frown,0.95,clench,0.8
1739917897,31:37.0,neutral,frown,0.95,clench,0.8
1739917897,31:37.0,neutral,frown,0.95,clench,0.8
1739917897,31:37.0,neutral,frown,0.95,clench,0.8
1739917897,31:37.1,neutral,frown,0.95,clench,0.8
1739917897,31:37.1,neutral,frown,0.95,clench,0.8
1739917897,31:37.1,neutral,frown,0.95,clench,0.8
1739917897,31:37.2,neutral,frown,0.95,clench,0.8
1739917897,31:37.2,neutral,frown,0.95,clench,0.8
1739917897,31:37.2,neutral,frown,0.95,clench,0.8
1739917897,31:37.3,neutral,frown,0.95,clench,0.8
1739917897,31:37.3,neutral,frown,0.95,clench,0.8
1739917897,31:37.3,neutral,frown,0.95,clench,0.8
1739917897,31:37.4,neutral,frown,0.95,clench,0.8
1739917897,31:37.4,neutral,frown,0.95,clench,0.8
1739917897,31:37.4,neutral,frown,0.95,clench,0.8
1739917897,31:37.5,neutral,frown,0.95,clench,0.8
1739917897,31:37.5,neutral,frown,0.95,clench,0.8
1739917898,31:37.5,neutral,frown,0.95,clench,0.8
1739917898,31:37.5,neutral,frown,0.95,clench,0.8
1739917898,31:37.6,neutral,frown,0.95,clench,0.8
1739917898,31:37.6,neutral,frown,0.95,clench,0.8
1739917898,31:37.6,neutral,frown,0.95,clench,0.8
1739917898,31:37.7,neutral,frown,0.95,clench,0.8
1739917898,31:37.7,neutral,frown,0.95,clench,0.8
1739917898,31:37.7,neutral,frown,0.95,clench,0.8
1739917898,31:37.8,neutral,frown,0.95,clench,0.8
1739917898,31:37.8,neutral,frown,0.95,clench,0.8
1739917898,31:37.8,neutral,frown,0.95,clench,0.8
1739917898,31:37.9,neutral,frown,0.95,clench,0.8
1739917898,31:37.9,neutral,frown,0.95,clench,0.8
1739917898,31:37.9,neutral,frown,0.95,clench,0.8
1739917898,31:38.0,neutral,frown,0.95,clench,0.8
1739917898,31:38.0,neutral,frown,0.95,clench,0.8
1739917898,31:38.0,neutral,frown,0.95,clench,0.8
1739917898,31:38.0,neutral,frown,0.95,clench,0.8
1739917898,31:38.1,neutral,frown,0.95,clench,0.8
1739917898,31:38.1,neutral,frown,0.95,clench,0.8
1739917898,31:38.1,neutral,frown,0.95,clench,0.8
1739917898,31:38.2,neutral,frown,0.95,clench,0.8
1739917898,31:38.2,neutral,frown,0.95,clench,0.8
1739917898,31:38.2,neutral,frown,0.95,clench,0.8
1739917898,31:38.3,neutral,frown,0.95,clench,0.8
1739917898,31:38.3,neutral,frown,0.95,clench,0.8
1739917898,31:38.3,neutral,frown,0.95,clench,0.8
1739917898,31:38.4,neutral,frown,0.95,clench,0.8
1739917898,31:38.4,neutral,frown,0.95,clench,0.8
1739917898,31:38.4,neutral,frown,0.95,clench,0.8
1739917898,31:38.5,neutral,frown,0.95,clench,0.8
1739917898,31:38.5,neutral,frown,0.95,clench,0.8
1739917899,31:38.5,neutral,frown,0.95,clench,0.8
1739917899,31:38.5,neutral,frown,0.95,clench,0.8
1739917899,31:38.6,neutral,frown,0.95,clench,0.8
1739917899,31:38.6,neutral,frown,0.95,clench,0.8
1739917899,31:38.6,neutral,frown,0.95,clench,0.8
1739917899,31:38.7,neutral,frown,0.95,clench,0.8
1739917899,31:38.7,neutral,frown,0.95,clench,0.8
1739917899,31:38.7,neutral,frown,0.95,clench,0.8
1739917899,31:38.8,neutral,frown,0.95,clench,0.8
1739917899,31:38.8,neutral,frown,0.95,clench,0.8
1739917899,31:38.8,neutral,frown,0.95,clench,0.8
1739917899,31:38.9,neutral,frown,0.95,clench,0.8
1739917899,31:38.9,neutral,frown,0.95,clench,0.8
1739917899,31:38.9,neutral,frown,0.95,clench,0.8
1739917899,31:39.0,neutral,frown,0.95,clench,0.8
1739917899,31:39.0,neutral,frown,0.95,clench,0.8
1739917899,31:39.0,neutral,frown,0.95,clench,0.8
1739917899,31:39.0,neutral,frown,0.95,clench,0.8
1739917899,31:39.1,neutral,frown,0.95,clench,0.8
1739917899,31:39.1,neutral,frown,0.95,clench,0.8
1739917899,31:39.1,neutral,frown,0.95,clench,0.8
1739917899,31:39.2,neutral,frown,0.95,clench,0.8
1739917899,31:39.2,neutral,frown,0.95,clench,0.8
1739917899,31:39.2,neutral,frown,0.95,clench,0.8
1739917899,31:39.3,neutral,frown,0.95,clench,0.8
1739917899,31:39.3,neutral,frown,0.95,clench,0.8
1739917899,31:39.3,neutral,frown,0.95,clench,0.8
1739917899,31:39.4,neutral,frown,0.95,clench,0.8
1739917899,31:39.4,neutral,frown,0.95,clench,0.8
1739917899,31:39.4,neutral,frown,0.95,clench,0.8
1739917899,31:39.5,neutral,frown,0.95,clench,0.8
1739917899,31:39.5,neutral,frown,0.95,clench,0.8
1739917900,31:39.5,neutral,frown,0.95,clench,0.8
1739917900,31:39.5,neutral,frown,0.95,clench,0.8
1739917900,31:39.6,neutral,frown,0.95,clench,0.8
1739917900,31:39.6,neutral,frown,0.95,clench,0.8
1739917900,31:39.6,neutral,frown,0.95,clench,0.8
1739917900,31:39.7,neutral,frown,0.95,clench,0.8
1739917900,31:39.7,neutral,frown,0.95,clench,0.8
1739917900,31:39.7,neutral,frown,0.95,clench,0.8
1739917900,31:39.8,neutral,frown,0.95,clench,0.8
1739917900,31:39.8,neutral,frown,0.95,clench,0.8
1739917900,31:39.8,neutral,frown,0.95,clench,0.8
1739917900,31:39.9,neutral,frown,0.95,clench,0.8
1739917900,31:39.9,neutral,frown,0.95,clench,0.8
1739917900,31:39.9,neutral,frown,0.95,clench,0.8
1739917900,31:40.0,neutral,frown,0.95,clench,0.8
1739917900,31:40.0,neutral,frown,0.95,clench,0.8
1739917900,31:40.0,neutral,frown,0.95,clench,0.8
1739917900,31:40.0,neutral,frown,0.95,clench,0.8
1739917900,31:40.1,neutral,frown,0.95,clench,0.8
1739917900,31:40.1,neutral,frown,0.95,clench,0.8
1739917900,31:40.1,neutral,frown,0.95,clench,0.8
1739917900,31:40.2,neutral,frown,0.95,clench,0.8
1739917900,31:40.2,neutral,frown,0.95,clench,0.8
1739917900,31:40.2,neutral,frown,0.95,clench,0.8
1739917900,31:40.3,neutral,frown,0.95,clench,0.8
1739917900,31:40.3,neutral,frown,0.95,clench,0.8
1739917900,31:40.3,neutral,frown,0.95,clench,0.8
1739917900,31:40.4,neutral,frown,0.95,clench,0.8
1739917900,31:40.4,neutral,frown,0.95,clench,0.8
1739917900,31:40.4,neutral,frown,0.95,clench,0.8
1739917900,31:40.5,neutral,frown,0.95,clench,0.8
1739917900,31:40.5,neutral,frown,0.95,clench,0.8
1739917901,31:40.5,neutral,frown,0.95,clench,0.8
1739917901,31:40.5,neutral,frown,0.95,clench,0.8
1739917901,31:40.6,neutral,frown,0.95,clench,0.8
1739917901,31:40.6,neutral,frown,0.95,clench,0.8
1739917901,31:40.6,neutral,frown,0.95,clench,0.8
1739917901,31:40.7,neutral,frown,0.95,clench,0.8
1739917901,31:40.7,neutral,frown,0.95,clench,0.8
1739917901,31:40.7,neutral,frown,0.95,clench,0.8
1739917901,31:40.8,neutral,frown,0.95,clench,0.8
1739917901,31:40.8,neutral,frown,0.95,clench,0.8
1739917901,31:40.8,neutral,frown,0.95,clench,0.8
1739917901,31:40.9,neutral,frown,0.95,clench,0.8
1739917901,31:40.9,neutral,frown,0.95,clench,0.8
1739917901,31:40.9,neutral,frown,0.95,clench,0.8
1739917901,31:41.0,neutral,frown,0.95,clench,0.8
1739917901,31:41.0,neutral,frown,0.95,clench,0.8
1739917901,31:41.0,neutral,frown,0.95,clench,0.8
1739917901,31:41.0,neutral,frown,0.95,clench,0.8
1739917901,31:41.1,neutral,frown,0.95,clench,0.8
1739917901,31:41.1,neutral,frown,0.95,clench,0.8
1739917901,31:41.1,neutral,frown,0.95,clench,0.8
1739917901,31:41.2,neutral,frown,0.95,clench,0.8
1739917901,31:41.2,neutral,frown,0.95,clench,0.8
1739917901,31:41.2,neutral,frown,0.95,clench,0.8
1739917901,31:41.3,neutral,frown,0.95,clench,0.8
1739917901,31:41.3,neutral,frown,0.95,clench,0.8
1739917901,31:41.3,neutral,frown,0.95,clench,0.8
1739917901,31:41.4,neutral,frown,0.95,clench,0.8
1739917901,31:41.4,neutral,frown,0.95,clench,0.8
1739917901,31:41.4,neutral,frown,0.95,clench,0.8
1739917901,31:41.5,neutral,frown,0.95,clench,0.8
1739917901,31:41.5,neutral,frown,0.95,clench,0.8
1739917902,31:41.5,neutral,frown,0.95,clench,0.8
1739917902,31:41.6,neutral,frown,0.95,clench,0.8
1739917902,31:41.6,neutral,frown,0.95,clench,0.8
1739917902,31:41.6,neutral,frown,0.95,clench,0.8
1739917902,31:41.6,neutral,frown,0.95,clench,0.8
1739917902,31:41.7,neutral,frown,0.95,clench,0.8
1739917902,31:41.7,neutral,frown,0.95,clench,0.8
1739917902,31:41.7,neutral,frown,0.95,clench,0.8
1739917902,31:41.8,neutral,frown,0.95,clench,0.8
1739917902,31:41.8,neutral,frown,0.95,clench,0.8
1739917902,31:41.8,neutral,frown,0.95,clench,0.8
1739917902,31:41.9,neutral,frown,0.95,clench,0.8
1739917902,31:41.9,neutral,frown,0.95,clench,0.8
1739917902,31:41.9,neutral,frown,0.95,clench,0.8
1739917902,31:42.0,neutral,frown,0.95,clench,0.8
1739917902,31:42.0,neutral,frown,0.95,clench,0.8
1739917902,31:42.0,neutral,frown,0.95,clench,0.8
1739917902,31:42.0,neutral,frown,0.95,clench,0.8
1739917902,31:42.1,neutral,frown,0.95,clench,0.8
1739917902,31:42.1,neutral,frown,0.95,clench,0.8
1739917902,31:42.1,neutral,frown,0.95,clench,0.8
1739917902,31:42.2,neutral,frown,0.95,clench,0.8
1739917902,31:42.2,neutral,frown,0.95,clench,0.8
1739917902,31:42.2,neutral,frown,0.95,clench,0.8
1739917902,31:42.3,neutral,frown,0.95,clench,0.8
1739917902,31:42.3,neutral,frown,0.95,clench,0.8
1739917902,31:42.3,neutral,frown,0.95,clench,0.8
1739917902,31:42.4,neutral,frown,0.95,clench,0.8
1739917902,31:42.4,neutral,frown,0.95,clench,0.8
1739917902,31:42.4,neutral,frown,0.95,clench,0.8
1739917902,31:42.5,neutral,frown,0.95,clench,0.8
1739917902,31:42.5,neutral,frown,0.95,clench,0.8
1739917903,31:42.5,neutral,frown,0.95,clench,0.8
1739917903,31:42.5,neutral,frown,0.95,clench,0.8
1739917903,31:42.6,neutral,frown,0.95,clench,0.8
1739917903,31:42.6,neutral,frown,0.95,clench,0.8
1739917903,31:42.6,neutral,frown,0.95,clench,0.8
1739917903,31:42.7,neutral,frown,0.95,clench,0.8
1739917903,31:42.7,neutral,frown,0.95,clench,0.8
1739917903,31:42.7,neutral,frown,0.95,clench,0.8
1739917903,31:42.8,neutral,frown,0.95,clench,0.8
1739917903,31:42.8,neutral,frown,0.95,clench,0.8
1739917903,31:42.8,neutral,frown,0.95,clench,0.8
1739917903,31:42.9,neutral,frown,0.95,clench,0.8
1739917903,31:42.9,neutral,frown,0.95,clench,0.8
1739917903,31:42.9,neutral,frown,0.95,clench,0.8
1739917903,31:43.0,neutral,frown,0.95,clench,0.8
1739917903,31:43.0,neutral,frown,0.95,clench,0.8
1739917903,31:43.0,neutral,frown,0.95,clench,0.8
1739917903,31:43.0,neutral,frown,0.95,clench,0.8
1739917903,31:43.1,neutral,frown,0.95,clench,0.8
1739917903,31:43.1,neutral,frown,0.95,clench,0.8
1739917903,31:43.1,neutral,frown,0.95,clench,0.8
1739917903,31:43.2,neutral,frown,0.95,clench,0.8
1739917903,31:43.2,neutral,frown,0.95,clench,0.8
1739917903,31:43.2,neutral,frown,0.95,clench,0.8
1739917903,31:43.3,neutral,frown,0.95,clench,0.8
1739917903,31:43.3,neutral,frown,0.95,clench,0.8
1739917903,31:43.3,neutral,frown,0.95,clench,0.8
1739917903,31:43.4,neutral,frown,0.95,clench,0.8
1739917903,31:43.4,neutral,frown,0.95,clench,0.8
1739917903,31:43.4,neutral,frown,0.95,clench,0.8
1739917903,31:43.5,neutral,frown,0.95,clench,0.8
1739917903,31:43.5,neutral,frown,0.95,clench,0.8
1739917904,31:43.5,neutral,frown,0.95,clench,0.8
1739917904,31:43.5,neutral,frown,0.95,clench,0.8